City_ID,City,Lat,Lng,Max Temp,Humidity,Cloudiness,Wind Speed,Country,Date
0,shahr-e babak,30.1165,55.1186,83.61,15,41,14.27,IR,23/07/22
1,mar del plata,-38.0023,-57.5575,54.09,91,100,11.5,AR,23/07/22
2,talnakh,69.4865,88.3972,62.24,96,100,5.84,RU,23/07/22
3,copala,16.65,-98.9833,88.29,60,45,7.78,MX,23/07/22
4,adamstown,-25.066,-130.1015,69.44,67,21,17.87,PN,23/07/22
5,puerto natales,-51.7236,-72.4875,28.4,87,15,4.09,CL,23/07/22
6,iskateley,67.6803,53.1512,50.99,95,100,13.82,RU,23/07/22
7,touros,-5.1989,-35.4608,77.74,78,2,15.75,BR,23/07/22
8,stanley,54.868,-1.6985,59.29,94,100,11.5,GB,23/07/22
9,ushuaia,-54.8,-68.3,25.47,97,97,1.95,AR,23/07/22
10,isafjordur,66.0755,-23.124,52.63,77,99,1.57,IS,23/07/22
11,edinburgh of the seven seas,-37.0676,-12.3116,54.99,72,26,22.59,SH,23/07/22
12,avarua,-21.2078,-159.775,73.45,94,75,19.57,CK,23/07/22
13,port-aux-francais,-49.35,70.2167,37.71,76,73,31.9,TF,23/07/22
14,constantia,44.1833,28.65,77.7,69,0,1.25,RO,23/07/22
15,west island,-12.1568,96.8225,76.98,83,75,11.5,CC,23/07/22
16,cabo san lucas,22.8909,-109.9124,97.61,52,0,5.75,MX,23/07/22
17,grytviken,-54.2811,-36.5092,18.77,70,69,10.29,GS,23/07/22
18,puerto santa,-8.9906,-78.6456,71.51,74,24,11.99,PE,23/07/22
19,ashoknagar,24.5667,77.7167,79.99,81,97,10.67,IN,23/07/22
20,iqaluit,63.7506,-68.5145,46.13,87,100,4.61,CA,23/07/22
21,taro,-8.3862,115.28,69.85,87,88,3.47,ID,23/07/22
22,kristiansund,63.1115,7.732,57.25,76,40,4.61,NO,23/07/22
23,puerto ayora,-0.7393,-90.3518,87.76,74,37,9.51,EC,23/07/22
24,blackmans bay,-43.0167,147.3167,41.52,92,42,3.06,AU,23/07/22
25,banda aceh,5.5577,95.3222,80.85,68,99,12.59,ID,23/07/22
26,sona,45.4388,10.8255,74.75,83,0,4.61,IT,23/07/22
27,azemmour,33.2895,-8.3425,70.66,74,1,11.92,MA,23/07/22
28,mitu,1.1983,-70.1733,79.56,77,74,1.3,CO,23/07/22
29,jayapura,-2.5333,140.7,76.39,90,82,3.04,ID,23/07/22
30,humberto de campos,-2.5983,-43.4611,78.73,71,46,6.55,BR,23/07/22
31,albany,42.6001,-73.9662,83.17,47,0,1.99,US,23/07/22
32,enewetak,11.3474,162.3373,82.85,78,76,15.7,MH,23/07/22
33,san patricio,28.017,-97.5169,103.15,37,27,17.58,US,23/07/22
34,waitangi,-43.9535,-176.5597,51.82,96,100,7.0,NZ,23/07/22
35,qaqortoq,60.7167,-46.0333,51.1,72,100,2.42,GL,23/07/22
36,aykhal,66.0,111.5,66.92,55,16,9.19,RU,23/07/22
37,saveh,35.0213,50.3566,88.61,24,23,9.33,IR,23/07/22
38,olonkinbyen,70.9221,-8.7187,43.0,77,100,5.84,SJ,23/07/22
39,port elizabeth,-33.918,25.5701,50.09,78,0,7.67,ZA,23/07/22
40,pechora,65.1472,57.2244,56.84,96,31,5.08,RU,23/07/22
41,lompoc,34.6391,-120.4579,95.77,77,75,8.05,US,23/07/22
42,longyearbyen,78.2186,15.6401,48.04,71,40,6.91,SJ,23/07/22
43,san juan,-31.5375,-68.5364,61.81,34,63,17.18,AR,23/07/22
44,thompson,55.7435,-97.8558,68.4,35,10,9.93,CA,23/07/22
45,hasaki,35.7333,140.8333,76.3,81,86,5.12,JP,23/07/22
46,udachny,66.4167,112.4,68.81,52,8,8.1,RU,23/07/22
47,gordonvale,-17.0936,145.7842,64.18,99,10,3.36,AU,23/07/22
48,miyang,24.4042,103.4428,65.25,97,90,2.1,CN,23/07/22
49,kodiak,57.79,-152.4072,51.31,87,0,6.91,US,23/07/22
50,borgarnes,64.5383,-21.9206,57.81,78,87,4.05,IS,23/07/22
51,mahina,-17.5065,-149.489,80.37,61,20,11.5,PF,23/07/22
52,hotan,37.0997,79.9269,86.31,21,100,5.23,CN,23/07/22
53,chingirlau,51.095,54.0814,64.63,68,46,6.46,KZ,23/07/22
54,pascagoula,30.3658,-88.5561,96.85,67,20,9.22,US,23/07/22
55,paramonga,-10.6667,-77.8333,70.07,74,31,10.98,PE,23/07/22
56,hukkyo-ri,38.7986,125.7919,74.66,97,100,8.9,KP,23/07/22
57,panaba,21.2833,-88.2667,91.36,54,88,11.54,MX,23/07/22
58,papatowai,-46.5619,169.4708,48.24,94,100,8.34,NZ,23/07/22
59,bredasdorp,-34.5322,20.0403,51.96,90,100,7.09,ZA,23/07/22
60,hamilton,39.1834,-84.5333,85.93,46,40,6.91,US,23/07/22
61,tiksi,71.6872,128.8694,46.02,73,49,13.62,RU,23/07/22
62,leninskoye,41.7589,69.3864,78.44,25,0,3.71,KZ,23/07/22
63,laojunmiao,39.8333,97.7333,68.72,30,78,2.71,CN,23/07/22
64,yellowknife,62.456,-114.3525,71.56,40,15,8.99,CA,23/07/22
65,carolina,18.3808,-65.9574,92.37,63,20,13.8,PR,23/07/22
66,mizque,-17.941,-65.3402,78.35,32,0,8.5,BO,23/07/22
67,afaahiti,-17.75,-149.2833,78.67,65,78,8.86,PF,23/07/22
68,acarau,-2.8856,-40.12,79.12,75,10,17.07,BR,23/07/22
69,boende,-0.2167,20.8667,75.29,86,89,3.87,CD,23/07/22
70,vilyuchinsk,52.9306,158.4028,61.07,74,96,6.53,RU,23/07/22
71,ust-nera,64.5667,143.2,54.75,82,91,3.31,RU,23/07/22
72,santiago de cao,-7.9589,-79.2392,73.53,78,1,9.22,PE,23/07/22
73,argo,37.6333,22.7333,82.78,33,0,3.31,GR,23/07/22
74,saipan,15.1355,145.701,81.64,100,75,10.0,MP,23/07/22
75,sitka,57.0531,-135.33,62.49,77,100,6.91,US,23/07/22
76,kurumkan,54.3,110.3,60.15,62,11,3.6,RU,23/07/22
77,wailua homesteads,22.0669,-159.378,79.59,87,100,10.36,US,23/07/22
78,sainte-marie-aux-mines,48.2468,7.1853,70.74,56,0,6.91,FR,23/07/22
79,el campello,38.4288,-0.3977,82.72,90,58,3.0,ES,23/07/22
80,margaret river,-33.95,115.0667,51.37,89,13,8.41,AU,23/07/22
81,hassi messaoud,31.6804,6.0729,99.72,7,0,10.31,DZ,23/07/22
82,whitby,54.4877,-0.615,62.31,90,100,3.85,GB,23/07/22
83,jamestown,42.097,-79.2353,79.52,46,0,8.05,US,23/07/22
84,tocopilla,-22.092,-70.1979,71.01,67,43,14.29,CL,23/07/22
85,dickinson,29.4608,-95.0513,103.12,59,75,5.75,US,23/07/22
86,korla,41.7597,86.1469,83.95,27,91,3.89,CN,23/07/22
87,tazovsky,67.4667,78.7,56.12,98,69,6.53,RU,23/07/22
88,bandar lampung,-5.4254,105.258,73.81,92,74,2.48,ID,23/07/22
89,tolanaro,-25.0319,46.9987,67.21,90,95,13.29,MG,23/07/22
90,flin flon,54.7682,-101.865,75.87,29,3,9.17,CA,23/07/22
91,fada n'gourma,12.0622,0.3578,78.28,74,37,8.37,BF,23/07/22
92,luderitz,-26.6481,15.1594,54.28,70,97,9.73,NA,23/07/22
93,alesund,62.4723,6.1549,57.0,83,40,11.5,NO,23/07/22
94,rikaze,29.25,88.8833,59.81,49,99,4.0,CN,23/07/22
95,troitsko-pechorsk,62.7084,56.1964,53.35,94,43,4.7,RU,23/07/22
96,whitehorse,60.7161,-135.0538,77.25,43,100,5.41,CA,23/07/22
97,college,64.8569,-147.8028,82.35,39,75,5.75,US,23/07/22
98,nagqu,31.5,92.0,39.78,91,100,4.38,CN,23/07/22
99,kuta,-8.7233,115.1723,77.0,78,40,10.36,ID,23/07/22
100,tura,25.5198,90.2201,75.25,98,100,4.32,IN,23/07/22
101,barrouallie,13.2333,-61.2667,82.02,79,40,5.75,VC,23/07/22
102,sisimiut,66.9395,-53.6735,43.77,96,100,11.1,GL,23/07/22
103,tortoli,39.9256,9.6572,84.18,48,28,4.21,IT,23/07/22
104,murashi,59.3999,48.9615,52.02,95,64,4.76,RU,23/07/22
105,punta arenas,-53.15,-70.9167,31.57,80,18,9.51,CL,23/07/22
106,ribeira grande,38.5167,-28.7,72.77,87,26,5.99,PT,23/07/22
107,el calafate,-50.3408,-72.2768,25.41,82,17,3.8,AR,23/07/22
108,tari,12.4086,4.4914,87.03,55,92,5.23,NG,23/07/22
109,kingston,17.997,-76.7936,91.24,69,20,25.32,JM,23/07/22
110,bilibino,68.0546,166.4372,68.63,56,69,3.18,RU,23/07/22
111,camana,-16.6228,-72.7111,64.62,80,72,9.17,PE,23/07/22
112,vorkuta,67.5,64.0,62.29,91,100,2.44,RU,23/07/22
113,port isabel,26.0734,-97.2086,98.69,65,0,19.57,US,23/07/22
114,mahajanga,-15.7167,46.3167,75.4,62,57,4.21,MG,23/07/22
115,mayahi,13.9553,7.6712,94.01,33,5,3.22,NE,23/07/22
116,palikir - national government center,6.9248,158.1611,83.14,74,100,3.44,FM,23/07/22
117,belek,36.8628,31.0556,88.3,47,0,8.05,TR,23/07/22
118,vila velha,-20.3297,-40.2925,67.95,95,75,6.91,BR,23/07/22
119,gonzaga,44.9498,10.8209,76.05,78,80,5.19,IT,23/07/22
120,nouadhibou,20.931,-17.0347,73.38,78,2,19.57,MR,23/07/22
121,taoudenni,22.6783,-3.9836,104.56,16,56,8.99,ML,23/07/22
122,hermanus,-34.4187,19.2345,50.81,88,100,7.56,ZA,23/07/22
123,walvis bay,-22.9575,14.5053,55.09,79,24,4.38,NA,23/07/22
124,nicoya,10.1483,-85.452,87.04,71,99,1.41,CR,23/07/22
125,bethel,41.3712,-73.414,84.72,52,20,6.91,US,23/07/22
126,leticia,-4.2153,-69.9406,91.45,52,20,4.61,CO,23/07/22
127,masterton,-40.9597,175.6575,44.89,97,100,4.0,NZ,23/07/22
128,newport,51.5877,-2.9984,62.51,94,100,19.93,GB,23/07/22
129,namtsy,62.7161,129.6658,63.23,67,100,7.94,RU,23/07/22
130,invercargill,-46.4,168.35,44.44,96,100,5.73,NZ,23/07/22
131,soc trang,9.6033,105.98,75.22,95,75,5.3,VN,23/07/22
132,al kharj,24.155,47.3346,93.24,10,37,7.36,SA,23/07/22
133,hun,29.1268,15.9477,91.56,20,0,16.6,LY,23/07/22
134,berezovyy,51.6667,135.7,68.11,59,96,3.15,RU,23/07/22
135,puerto deseado,-47.7503,-65.8938,38.3,63,96,15.79,AR,23/07/22
136,nemuro,43.3236,145.575,59.43,94,97,10.02,JP,23/07/22
137,labuan bajo,-8.4964,119.8877,71.51,85,100,6.73,ID,23/07/22
138,badger,64.8,-147.5333,82.27,43,20,5.75,US,23/07/22
139,beloyarskiy,63.7119,66.6722,58.26,86,71,4.83,RU,23/07/22
140,bubaque,11.2833,-15.8333,80.96,80,9,12.53,GW,23/07/22
141,nantucket,41.2835,-70.0995,79.09,87,40,10.36,US,23/07/22
142,vorgashor,67.5833,63.95,61.63,92,100,3.76,RU,23/07/22
143,arraial do cabo,-22.9661,-42.0278,67.86,88,40,13.8,BR,23/07/22
144,volodarsk,56.2261,43.1861,57.22,90,20,5.75,RU,23/07/22
145,alenquer,-1.9417,-54.7383,88.79,42,100,4.34,BR,23/07/22
146,as sulayyil,20.4607,45.5779,94.93,9,84,7.85,SA,23/07/22
147,kharp,66.8014,65.8081,63.37,93,99,4.68,RU,23/07/22
148,ilulissat,69.2167,-51.1,46.42,93,75,9.22,GL,23/07/22
149,al kharijah,25.4514,30.5464,89.22,17,56,6.42,EG,23/07/22
150,tamanrasset,22.785,5.5228,85.91,10,0,4.61,DZ,23/07/22
151,port alfred,-33.5906,26.891,57.18,92,8,3.0,ZA,23/07/22
152,yeppoon,-23.1333,150.7333,47.98,69,0,7.87,AU,23/07/22
153,mejit,10.2753,170.8646,82.63,74,62,19.06,MH,23/07/22
154,petropavlovsk-kamchatsky,53.0452,158.6483,59.59,77,0,6.71,RU,23/07/22
155,oltinko'l,40.8011,72.1634,83.16,18,0,4.25,UZ,23/07/22
156,qom,34.6401,50.8764,94.55,13,96,20.54,IR,23/07/22
157,colonia,50.9333,6.95,68.95,54,0,2.3,DE,23/07/22
158,holly springs,35.6513,-78.8336,84.99,70,45,3.0,US,23/07/22
159,maryborough,-25.5333,152.7,49.5,78,0,4.18,AU,23/07/22
160,siguiri,11.6667,-9.5,77.65,82,88,5.1,GN,23/07/22
161,al muwayh,22.4333,41.7583,83.84,21,61,12.66,SA,23/07/22
162,altamira,-3.2033,-52.2064,91.49,43,40,3.44,BR,23/07/22
163,happy valley-goose bay,53.3168,-60.3315,60.84,99,100,4.05,CA,23/07/22
164,kone,-21.0595,164.8658,66.09,65,71,4.63,NC,23/07/22
165,luanda,-8.8368,13.2343,71.6,83,75,9.22,AO,23/07/22
166,yeghegnadzor,39.7639,45.3324,69.64,59,96,6.15,AM,23/07/22
167,chinsali,-10.5414,32.0816,58.69,61,5,5.95,ZM,23/07/22
168,nova sintra,14.8667,-24.7167,72.75,78,8,18.01,CV,23/07/22
169,sinop,41.7711,34.8709,67.86,56,0,5.03,TR,23/07/22
170,forster,-32.1667,152.5167,52.45,77,98,7.72,AU,23/07/22
171,zalari,53.5584,102.5065,55.65,81,80,4.56,RU,23/07/22
172,nuku'alofa,-21.1333,-175.2,73.26,78,7,4.99,TO,23/07/22
173,isangel,-19.55,169.2667,71.71,73,75,4.61,VU,23/07/22
174,aral,40.5156,81.2636,88.63,20,92,11.68,CN,23/07/22
175,bengkulu,-3.8004,102.2655,75.61,92,91,4.12,ID,23/07/22
176,kirakira,-10.4544,161.9205,78.69,88,100,5.73,SB,23/07/22
177,ketchikan,55.3422,-131.6461,59.47,88,100,8.05,US,23/07/22
178,port mathurin,-19.6833,63.4167,73.81,69,0,22.64,MU,23/07/22
179,sullivan,36.5168,-82.5332,83.62,59,75,4.61,US,23/07/22
180,vejle,55.7093,9.5357,56.16,96,100,6.15,DK,23/07/22
181,nema,57.5067,50.5011,52.54,89,7,6.42,RU,23/07/22
182,ust'-kut,56.7938,105.7672,58.55,76,4,2.28,RU,23/07/22
183,minas de marcona,-15.2119,-75.1103,58.64,73,47,15.17,PE,23/07/22
184,ryotsu-minato,38.0833,138.4333,76.48,84,40,0.51,JP,23/07/22
185,yuzhno-kurilsk,44.0306,145.8556,59.56,94,100,9.01,RU,23/07/22
186,mount pearl,47.5166,-52.7813,71.1,88,24,9.53,CA,23/07/22
187,saldanha,-33.0117,17.9442,54.57,82,81,3.2,ZA,23/07/22
188,kavaratti,10.5669,72.642,82.69,82,100,21.25,IN,23/07/22
189,alice springs,-23.7,133.8833,40.55,75,4,10.36,AU,23/07/22
190,tofol,5.3248,163.0078,83.37,77,100,17.58,FM,23/07/22
191,san luis de la loma,17.2706,-100.8939,90.66,59,100,7.92,MX,23/07/22
192,portland,45.5234,-122.6762,89.96,37,20,8.05,US,23/07/22
193,kukuna,9.4,-12.6667,74.1,97,90,4.68,SL,23/07/22
194,riverton,40.5219,-111.9391,105.51,15,0,8.01,US,23/07/22
195,waingapu,-9.6567,120.2641,71.56,80,97,10.4,ID,23/07/22
196,machico,32.7,-16.7667,74.03,77,40,12.66,PT,23/07/22
197,souillac,-20.5167,57.5167,71.82,80,16,14.07,MU,23/07/22
198,saint-pierre,-21.3393,55.4781,71.28,78,100,19.57,RE,23/07/22
199,bijar,35.8668,47.6051,69.49,50,7,10.49,IR,23/07/22
200,gadzhiyevo,69.2551,33.3362,48.07,83,100,12.93,RU,23/07/22
201,bikenibeu village,1.3673,173.1241,82.36,83,40,1.14,KI,23/07/22
202,progreso,21.2833,-89.6667,88.11,69,82,12.28,MX,23/07/22
203,swakopmund,-22.6833,14.5333,54.99,86,31,1.99,NA,23/07/22
204,egilsstadir,65.2653,-14.3948,53.56,84,78,1.41,IS,23/07/22
205,coquimbo,-29.9533,-71.3436,60.53,94,75,11.5,CL,23/07/22
206,cabinda,-5.55,12.2,70.45,89,14,6.87,AO,23/07/22
207,lebu,-37.6167,-73.65,52.02,82,9,6.17,CL,23/07/22
208,peringat,6.0333,102.2833,74.62,96,93,3.02,MY,23/07/22
209,tabou,4.423,-7.3528,77.27,81,100,10.18,CI,23/07/22
210,dubbo,-32.25,148.6167,35.73,93,0,10.36,AU,23/07/22
211,vila franca do campo,37.7167,-25.4333,72.01,72,24,3.13,PT,23/07/22
212,shasta lake,40.6804,-122.3708,108.63,14,100,3.96,US,23/07/22
213,greymouth,-42.4667,171.2,42.42,89,100,5.1,NZ,23/07/22
214,harstad,68.799,16.5293,58.62,86,100,1.99,NO,23/07/22
215,undurkhaan,47.3194,110.6556,58.75,70,100,4.12,MN,23/07/22
216,anadyr,64.75,177.4833,59.5,77,75,8.95,RU,23/07/22
217,north ward,-19.2454,146.8075,67.91,88,75,3.44,AU,23/07/22
218,campbell river,50.0163,-125.2446,72.25,57,5,7.67,CA,23/07/22
219,hastings,50.8552,0.5729,62.35,44,100,22.41,GB,23/07/22
220,ancud,-41.8697,-73.8203,44.73,66,74,8.23,CL,23/07/22
221,amga,60.8953,131.9608,59.31,73,85,2.73,RU,23/07/22
222,prince rupert,54.3161,-130.3201,58.69,100,100,3.44,CA,23/07/22
223,hirtshals,57.5881,9.9592,56.55,76,6,16.78,DK,23/07/22
224,melfort,52.8667,-104.6177,80.69,35,100,9.31,CA,23/07/22
225,yasinya,48.2794,24.3604,57.97,92,66,1.03,UA,23/07/22
226,nguigmi,14.2495,13.1092,87.8,49,51,7.0,NE,23/07/22
227,amnat charoen,15.9167,104.75,76.28,91,100,5.19,TH,23/07/22
228,garoowe,8.4054,48.4845,81.57,50,51,29.1,SO,23/07/22
229,bouar,5.934,15.596,66.67,91,76,1.45,CF,23/07/22
230,atafu village,-8.5421,-172.5159,83.21,70,12,7.76,TK,23/07/22
231,bel ombre,-4.6167,55.4167,76.84,85,20,17.18,SC,23/07/22
232,mount gambier,-37.8333,140.7667,46.38,82,94,4.59,AU,23/07/22
233,port lincoln,-34.7333,135.8667,51.75,70,16,12.86,AU,23/07/22
234,ulanhot,46.0833,122.0833,64.9,98,100,15.05,CN,23/07/22
235,belmonte,-15.8631,-38.8828,72.14,86,3,5.32,BR,23/07/22
236,dolores,-36.3132,-57.6792,58.66,91,100,17.49,AR,23/07/22
237,lihue,21.9789,-159.3672,80.19,86,100,10.36,US,23/07/22
238,popondetta,-8.7537,148.2534,72.91,99,100,2.37,PG,23/07/22
239,olyokminsk,60.3736,120.4264,65.62,76,11,2.82,RU,23/07/22
240,biltine,14.5333,20.9167,89.31,37,75,2.46,TD,23/07/22
241,filey,54.21,-0.2892,60.89,92,100,4.0,GB,23/07/22
242,viitasaari,63.0667,25.8667,54.43,92,100,3.49,FI,23/07/22
243,nogliki,51.8333,143.1667,63.57,87,80,12.24,RU,23/07/22
244,prince george,53.9166,-122.753,74.25,53,100,1.01,CA,23/07/22
245,turkmenbasy,40.0222,52.9552,82.29,44,0,11.18,TM,23/07/22
246,port saint john's,-31.6229,29.5448,65.28,52,49,5.37,ZA,23/07/22
247,haiku-pauwela,20.9219,-156.3051,86.02,60,40,23.02,US,23/07/22
248,kununurra,-15.7667,128.7333,67.98,40,24,12.66,AU,23/07/22
249,inhapim,-19.5492,-42.12,73.99,51,9,5.57,BR,23/07/22
250,nelson bay,-32.7167,152.15,48.0,90,69,11.01,AU,23/07/22
251,bonthe,7.5264,-12.505,77.31,87,75,10.2,SL,23/07/22
252,la'ie,21.6477,-157.9253,86.0,70,64,12.68,US,23/07/22
253,utrik,11.2278,169.8474,82.74,72,19,18.3,MH,23/07/22
254,suomussalmi,64.8869,28.9078,54.03,96,100,4.38,FI,23/07/22
255,carutapera,-1.195,-46.02,78.42,78,59,7.36,BR,23/07/22
256,east london,-33.0153,27.9116,64.76,73,22,11.7,ZA,23/07/22
257,maintirano,-18.0667,44.0167,73.13,82,2,11.16,MG,23/07/22
258,uturoa,-16.7333,-151.4333,76.44,74,93,12.82,PF,23/07/22
259,port victoria,0.0939,33.9756,72.5,63,57,3.74,KE,23/07/22
260,leava,-14.3,-178.1667,79.11,75,61,7.78,WF,23/07/22
261,georgetown,5.4112,100.3354,82.33,78,20,1.14,MY,23/07/22
262,mana,5.6592,-53.7767,80.62,84,9,9.57,GF,23/07/22
263,inarajan village,13.2736,144.7484,81.0,96,100,11.48,GU,23/07/22
264,broome,42.2506,-75.833,79.7,55,75,10.36,US,23/07/22
265,villa gesell,-37.2639,-56.973,53.06,96,100,19.98,AR,23/07/22
266,tarapur,19.85,72.7,79.86,88,100,15.39,IN,23/07/22
267,tateyama,34.9833,139.8667,73.13,86,96,6.26,JP,23/07/22
268,hilo,19.7297,-155.09,82.13,82,75,6.91,US,23/07/22
269,sergeyevka,53.88,67.4158,63.41,71,99,7.61,KZ,23/07/22
270,aksu,41.1231,80.2644,84.78,27,94,4.27,CN,23/07/22
271,nkhata bay,-11.6066,34.2907,68.0,73,14,5.95,MW,23/07/22
272,saudarkrokur,65.7461,-19.6394,50.2,75,57,3.62,IS,23/07/22
273,luwingu,-10.2621,29.9271,56.97,55,7,3.49,ZM,23/07/22
274,aasiaat,68.7098,-52.8699,38.89,98,100,8.05,GL,23/07/22
275,okhotsk,59.3833,143.3,58.48,92,93,3.87,RU,23/07/22
276,wajir,1.7471,40.0573,76.62,71,95,19.08,KE,23/07/22
277,kailua-kona,19.6406,-155.9956,86.5,77,100,9.22,US,23/07/22
278,karratha,-20.7377,116.8463,62.11,23,0,20.49,AU,23/07/22
279,kolonia town,6.964,158.206,84.2,74,100,3.44,FM,23/07/22
280,yauya,-8.9833,-77.3,64.72,23,0,3.56,PE,23/07/22
281,crane,31.3974,-102.3501,96.62,24,100,7.67,US,23/07/22
282,pimentel,-6.8367,-79.9342,77.29,65,0,13.8,PE,23/07/22
283,oranjemund,-28.55,16.4333,52.38,73,100,5.19,NA,23/07/22
284,malabar,-33.9667,151.25,49.05,79,40,5.75,AU,23/07/22
285,new norfolk,-42.7826,147.0587,42.71,95,26,2.82,AU,23/07/22
286,allen,41.0706,-85.0144,84.18,47,40,8.05,US,23/07/22
287,terrace,54.5163,-128.6035,63.21,95,100,3.38,CA,23/07/22
288,brookings,44.3114,-96.7984,86.11,57,12,12.41,US,23/07/22
289,dunedin,-45.8742,170.5036,53.08,95,100,1.01,NZ,23/07/22
290,chegdomyn,51.1167,133.0167,61.25,69,100,1.3,RU,23/07/22
291,guijuelo,40.5576,-5.6707,67.24,27,0,4.99,ES,23/07/22
292,pocahontas,36.2615,-90.9712,86.05,53,0,8.05,US,23/07/22
293,kapuskasing,49.4169,-82.4331,79.52,31,40,4.74,CA,23/07/22
294,port pirie,-33.1833,138.0167,48.11,79,68,7.43,AU,23/07/22
295,chernyshevskiy,63.0128,112.4714,62.73,69,8,2.46,RU,23/07/22
296,dudinka,69.4058,86.1778,56.59,96,100,11.36,RU,23/07/22
297,kalaleh,37.3807,55.4916,78.28,70,8,2.91,IR,23/07/22
298,sinabang,2.4803,96.3801,79.05,81,100,1.97,ID,23/07/22
299,woolgoolga,-30.1106,153.2007,51.67,70,40,9.4,AU,23/07/22
300,st. john's,47.5649,-52.7093,71.92,91,36,10.54,CA,23/07/22
301,tchintabaraden,15.8969,5.7985,95.85,30,0,3.4,NE,23/07/22
302,nar'yan-mar,67.6713,53.087,50.97,95,100,13.94,RU,23/07/22
303,nova vicosa,-17.8919,-39.3719,71.11,87,20,10.67,BR,23/07/22
304,isla mujeres,21.2311,-86.731,89.65,70,19,11.77,MX,23/07/22
305,ishikawa,26.4233,127.8214,82.36,88,77,1.99,JP,23/07/22
306,clover,35.1113,-81.2265,88.27,61,100,8.05,US,23/07/22
307,buka,40.8108,69.1986,76.66,28,0,7.23,UZ,23/07/22
308,xylokastro,38.0776,22.6317,82.99,39,0,1.99,GR,23/07/22
309,rongelap,11.1635,166.8941,83.28,74,58,18.01,MH,23/07/22
310,ribeira brava,32.65,-17.0667,74.03,75,6,6.17,PT,23/07/22
311,susuman,62.7833,148.1667,55.54,94,100,5.35,RU,23/07/22
312,quang ngai,15.1167,108.8,77.25,88,87,3.62,VN,23/07/22
313,baharly,38.4362,57.4316,86.0,18,0,0.4,TM,23/07/22
314,schweizer-reneke,-27.1887,25.3293,50.99,60,8,12.35,ZA,23/07/22
315,fale old settlement,-9.3852,-171.2468,83.12,74,6,6.69,TK,23/07/22
316,kingscliff,-28.2667,153.5667,53.4,71,13,6.91,AU,23/07/22
317,sandnessjoen,66.0217,12.6316,57.72,88,75,3.44,NO,23/07/22
318,betio village,1.358,172.9211,82.44,74,31,8.61,KI,23/07/22
319,bandar-e lengeh,26.5579,54.8807,91.56,72,89,13.91,IR,23/07/22
320,dehloran,32.6941,47.2679,99.28,9,0,7.83,IR,23/07/22
321,barra de santo antonio,-9.4047,-35.5072,74.48,81,67,14.32,BR,23/07/22
322,kupang,-10.1667,123.5833,74.26,76,84,9.24,ID,23/07/22
323,silvassa,20.2667,73.0167,77.77,94,100,10.18,IN,23/07/22
324,yorkton,51.2167,-102.4677,82.18,31,6,10.02,CA,23/07/22
325,san antonio de pale,-1.4014,5.6325,73.65,78,75,12.41,GQ,23/07/22
326,pangody,65.85,74.4859,63.64,87,90,8.52,RU,23/07/22
327,lorengau,-2.0226,147.2712,80.04,81,54,6.33,PG,23/07/22
328,tobruk,32.0836,23.9764,80.31,86,0,14.09,LY,23/07/22
329,ust'-kalmanka,52.1207,83.305,59.67,83,90,7.34,RU,23/07/22
330,altay,47.8667,88.1167,64.15,45,19,3.2,CN,23/07/22
331,aliveri,38.4167,24.0333,92.43,50,0,3.98,GR,23/07/22
332,north bend,43.4065,-124.2243,83.25,68,0,20.71,US,23/07/22
333,bethanie,-26.4833,17.15,55.18,15,82,4.99,NA,23/07/22
334,pangkalpinang,-2.1333,106.1333,77.43,90,48,6.15,ID,23/07/22
335,dawson creek,55.7666,-120.2362,83.57,43,31,0.72,CA,23/07/22
336,ad dawadimi,24.5077,44.3924,87.17,10,48,12.82,SA,23/07/22
337,altai,46.3722,96.2583,53.62,66,18,3.94,MN,23/07/22
338,mount isa,-20.7333,139.5,49.77,50,0,14.97,AU,23/07/22
339,hawaiian paradise park,19.5933,-154.9731,81.91,86,75,6.91,US,23/07/22
340,vadso,70.0744,29.7487,47.28,87,100,13.8,NO,23/07/22
341,keflavik,64.0049,-22.5624,54.03,82,100,6.91,IS,23/07/22
342,vanino,49.0869,140.2543,68.74,68,100,1.21,RU,23/07/22
343,porto novo,6.4965,2.6036,76.06,89,94,6.96,BJ,23/07/22
344,la passe,45.5549,-0.8967,68.23,87,46,5.88,FR,23/07/22
345,san julian,21.0167,-102.1667,82.53,26,58,6.42,MX,23/07/22
346,murzuq,25.9155,13.9184,91.85,15,0,10.25,LY,23/07/22
347,divo,5.8397,-5.36,71.38,97,99,4.05,CI,23/07/22
348,itambacuri,-18.0311,-41.685,69.31,71,25,6.67,BR,23/07/22
349,adrar,20.5022,-10.0711,95.74,25,100,16.53,MR,23/07/22
350,coahuayana de hidalgo,18.7,-103.6583,89.46,69,86,6.76,MX,23/07/22
351,balboa,2.0396,-77.2168,76.91,44,17,4.88,CO,23/07/22
352,muynoq,43.7683,59.0214,86.59,25,0,10.13,UZ,23/07/22
353,cavalaire-sur-mer,43.174,6.5272,83.12,51,55,11.74,FR,23/07/22
354,wanxian,30.8039,108.3897,77.95,93,4,2.82,CN,23/07/22
355,nanao,37.05,136.9667,76.17,86,5,3.31,JP,23/07/22
356,natal,-5.795,-35.2094,79.45,73,75,9.22,BR,23/07/22
357,inegol,40.0781,29.5133,70.88,47,0,3.96,TR,23/07/22
358,sterling,39.0062,-77.4286,87.98,46,40,8.05,US,23/07/22
359,vyritsa,59.4078,30.3481,56.71,82,51,4.76,RU,23/07/22
360,beloomut,54.9448,39.3394,58.73,74,98,5.84,RU,23/07/22
361,donggang,28.9365,114.2259,75.15,97,100,2.33,CN,23/07/22
362,callao,-12.0667,-77.15,72.72,68,100,13.8,PE,23/07/22
363,aleg,17.0481,-13.9209,95.56,35,3,11.7,MR,23/07/22
364,kerikeri,-35.2268,173.9474,48.9,94,35,1.01,NZ,23/07/22
365,borkum,53.5809,6.6915,60.94,91,100,20.8,DE,23/07/22
366,margate,51.3813,1.3862,59.88,91,100,8.99,GB,23/07/22
367,hadibu,12.65,54.0333,77.86,81,100,19.86,YE,23/07/22
368,maun,-19.9833,23.4167,60.78,49,0,6.42,BW,23/07/22
369,general conesa,-40.1,-64.4333,55.24,53,99,12.17,AR,23/07/22
370,kharan,28.5833,65.4167,92.39,45,100,11.74,PK,23/07/22
371,lamu,-2.2717,40.902,77.22,83,14,14.76,KE,23/07/22
372,mangrol,21.1167,70.1167,79.68,91,100,12.53,IN,23/07/22
373,constitucion,-35.3333,-72.4167,54.16,78,10,3.85,CL,23/07/22
374,safford,32.834,-109.7076,104.92,16,0,5.99,US,23/07/22
375,fisterra,42.9049,-9.2629,64.74,75,100,14.12,ES,23/07/22
376,kargil,34.5667,76.1,58.08,65,26,8.12,IN,23/07/22
377,pundong,-7.9522,110.3486,71.08,89,51,6.06,ID,23/07/22
378,revda,56.801,59.9303,55.63,98,93,7.94,RU,23/07/22
379,las palmas,28.4204,-14.0131,72.39,69,40,20.71,ES,23/07/22
380,pisco,-13.7,-76.2167,73.45,60,0,18.41,PE,23/07/22
381,awjilah,29.1081,21.2869,91.24,25,0,15.12,LY,23/07/22
382,mwinilunga,-11.7358,24.4293,64.15,41,2,6.71,ZM,23/07/22
383,mitsamiouli,-11.3847,43.2844,77.85,73,68,7.38,KM,23/07/22
384,tadine,-21.55,167.8833,68.63,61,2,14.29,NC,23/07/22
385,alofi,-19.0595,-169.9187,76.32,76,20,13.18,NU,23/07/22
386,nelidovo,56.2211,32.7774,57.65,74,100,5.57,RU,23/07/22
387,freetown,8.484,-13.2299,77.23,87,100,10.42,SL,23/07/22
388,dachne,44.8833,34.9833,72.68,84,0,5.41,UA,23/07/22
389,waddan,29.1614,16.139,90.79,22,0,19.08,LY,23/07/22
390,brokopondo,4.75,-55.1667,84.24,70,71,5.44,SR,23/07/22
391,paita,-5.0892,-81.1144,75.42,72,11,16.24,PE,23/07/22
392,penzance,50.1186,-5.5371,61.48,94,100,22.88,GB,23/07/22
393,puerto baquerizo moreno,-0.9,-89.6,81.59,69,20,13.8,EC,23/07/22
394,ha'il,27.5219,41.6907,87.87,10,100,6.26,SA,23/07/22
395,tazacorte,28.629,-17.9293,74.37,79,20,19.57,ES,23/07/22
396,willard,41.0531,-82.7263,80.82,60,17,4.43,US,23/07/22
397,thief river falls,48.1191,-96.1812,81.55,57,0,19.57,US,23/07/22
398,chibougamau,49.9168,-74.3659,65.82,72,100,3.62,CA,23/07/22
399,huarmey,-10.0681,-78.1522,71.71,72,11,10.29,PE,23/07/22
400,ubari,26.5921,12.7805,92.43,13,0,9.78,LY,23/07/22
401,sieradz,51.5958,18.7302,58.5,79,19,5.01,PL,23/07/22
402,green valley,31.8543,-110.9937,109.02,19,16,8.3,US,23/07/22
403,luanco,43.6152,-5.7934,68.02,84,98,3.38,ES,23/07/22
404,tosontsengel,48.7567,98.2839,50.97,87,99,0.31,MN,23/07/22
405,khovd,48.0056,91.6419,63.16,45,0,4.72,MN,23/07/22
406,salinas,36.6777,-121.6555,105.01,55,0,13.8,US,23/07/22
407,north platte,41.1239,-100.7654,92.12,32,20,4.61,US,23/07/22
408,the bottom,17.6259,-63.2492,82.96,78,84,11.77,BQ,23/07/22
409,leh,34.1667,77.5833,62.06,64,95,5.19,IN,23/07/22
410,bandarbeyla,9.4942,50.8122,74.91,83,15,31.18,SO,23/07/22
411,busan,35.1028,129.0403,76.98,94,100,9.22,KR,23/07/22
412,oasis,33.4659,-116.0989,116.85,21,0,14.97,US,23/07/22
413,nabire,-3.3667,135.4833,74.98,95,100,3.96,ID,23/07/22
414,angaur state,6.906,134.13,82.54,80,100,13.73,PW,23/07/22
415,kimbe,-5.5502,150.1429,76.59,86,100,5.53,PG,23/07/22
416,daru,-9.0763,143.2092,77.02,72,100,11.12,PG,23/07/22
417,sunland park,31.7965,-106.58,99.05,21,0,11.5,US,23/07/22
418,castanos,26.7833,-101.4167,93.92,35,0,11.79,MX,23/07/22
419,onega,63.9061,38.1404,53.53,98,100,4.56,RU,23/07/22
420,shimoda,34.6667,138.95,74.1,84,71,5.03,JP,23/07/22
421,nuuk,64.1835,-51.7216,45.21,100,75,20.71,GL,23/07/22
422,chernyshevsk,52.5243,117.0174,55.53,68,80,5.12,RU,23/07/22
423,turtas,58.9417,69.1325,58.21,87,96,4.03,RU,23/07/22
424,acapulco de juarez,16.8634,-99.8901,89.42,62,40,5.75,MX,23/07/22
425,bals,44.35,24.1,75.92,73,40,13.8,RO,23/07/22
426,mumford,5.2618,-0.759,75.99,89,98,12.77,GH,23/07/22
427,vernon,50.2581,-119.2691,94.75,16,5,6.24,CA,23/07/22
428,laguna,38.421,-121.4238,107.64,27,0,6.91,US,23/07/22
429,hakha,22.65,93.6167,61.21,98,100,2.19,MM,23/07/22
430,illizi,26.4833,8.4667,94.03,9,0,10.74,DZ,23/07/22
431,sechura,-5.5569,-80.8222,80.71,58,7,13.69,PE,23/07/22
432,hillvue,-31.1244,150.915,30.11,93,0,4.61,AU,23/07/22
433,la sarre,48.8002,-79.1996,72.36,36,4,6.02,CA,23/07/22
434,chebba,35.2372,11.115,86.95,63,0,10.98,TN,23/07/22
435,shingu,33.7333,135.9833,75.24,89,7,4.83,JP,23/07/22
436,bakri,2.0441,102.6527,78.01,89,92,3.98,MY,23/07/22
437,motueka,-41.1333,173.0167,41.09,72,88,4.7,NZ,23/07/22
438,tangalle,6.024,80.7911,78.67,87,98,11.59,LK,23/07/22
439,quellon,-43.1167,-73.6167,43.05,81,100,5.75,CL,23/07/22
440,tomatlan,19.9333,-105.25,91.92,58,22,11.23,MX,23/07/22
441,marksville,31.128,-92.0662,82.45,58,47,5.93,US,23/07/22
442,xiannu,32.4367,119.5508,78.89,96,64,5.3,CN,23/07/22
443,monrovia,6.3005,-10.7969,76.77,82,93,11.7,LR,23/07/22
444,kizel,59.0471,57.6477,53.19,96,100,3.98,RU,23/07/22
445,kitui,-1.367,38.0106,63.86,86,19,10.45,KE,23/07/22
446,sitia,35.2,26.0986,87.98,59,0,10.6,GR,23/07/22
447,codrington,-38.2667,141.9667,50.27,63,93,9.31,AU,23/07/22
448,shambu,9.5667,37.1,51.96,90,100,2.19,ET,23/07/22
449,tralee,52.2704,-9.7026,59.18,96,100,9.26,IE,23/07/22
450,koryazhma,61.3143,47.1691,55.18,93,100,9.91,RU,23/07/22
451,trairi,-3.2778,-39.2689,78.67,75,3,12.46,BR,23/07/22
452,khash,28.2211,61.2158,83.12,16,100,4.88,IR,23/07/22
453,santana,-0.0583,-51.1817,87.98,58,20,6.91,BR,23/07/22
454,la ronge,55.1001,-105.2842,68.25,60,40,9.22,CA,23/07/22
455,bac lieu,9.285,105.7244,76.8,91,100,9.64,VN,23/07/22
456,fort st. john,56.2499,-120.8529,78.13,38,8,4.5,CA,23/07/22
457,ixtapa,20.7,-105.2,93.22,70,20,11.5,MX,23/07/22
458,spring creek,40.7266,-115.5859,100.81,10,58,3.65,US,23/07/22
459,cannonvale,-20.2833,148.7,67.39,78,29,6.4,AU,23/07/22
460,sault ste. marie,46.5168,-84.3333,79.36,31,0,5.75,CA,23/07/22
461,mogocha,53.7333,119.7667,54.61,85,97,3.15,RU,23/07/22
462,ceeldheer,3.8488,47.1806,76.95,80,33,16.42,SO,23/07/22
463,geraldton,-28.7667,114.6,39.61,87,0,0.0,AU,23/07/22
464,hithadhoo,-0.6,73.0833,82.36,74,74,5.61,MV,23/07/22
465,glace bay,46.1969,-59.957,69.06,97,100,8.05,CA,23/07/22
466,ghat,24.9647,10.1728,94.33,12,0,4.92,LY,23/07/22
467,chonchi,-42.6128,-73.8092,44.11,75,86,4.09,CL,23/07/22
468,corner brook,48.9667,-57.9484,73.56,89,100,12.91,CA,23/07/22
469,lieksa,63.3167,30.0167,54.77,96,100,6.04,FI,23/07/22
470,aswan,24.0934,32.907,92.32,11,99,12.8,EG,23/07/22
471,saldana,3.9292,-75.0152,96.94,27,9,13.13,CO,23/07/22
472,weno,7.4515,151.8468,82.78,81,99,18.14,FM,23/07/22
473,celestun,20.8667,-90.4,82.83,79,91,11.34,MX,23/07/22
474,homer,59.6425,-151.5483,67.05,77,0,9.22,US,23/07/22
475,aldinga beach,-35.2793,138.4604,48.67,79,54,8.84,AU,23/07/22
476,klyuchi,52.2667,79.1667,65.08,57,63,7.07,RU,23/07/22
477,bodaybo,57.8506,114.1933,60.91,81,20,1.45,RU,23/07/22
478,yashan,22.1975,109.9419,75.99,96,75,2.3,CN,23/07/22
479,vylkove,45.4021,29.586,76.46,62,0,10.2,UA,23/07/22
480,berdigestyakh,62.0989,126.6992,63.55,78,53,3.87,RU,23/07/22
481,poplar bluff,36.757,-90.3929,85.78,49,40,8.05,US,23/07/22
482,plastun,44.7561,136.2939,63.61,95,77,3.04,RU,23/07/22
483,ola,59.5833,151.2833,57.15,93,100,3.09,RU,23/07/22
484,eastham,41.8301,-69.9739,79.07,71,75,5.99,US,23/07/22
485,peace river,56.2501,-117.286,84.25,35,41,4.25,CA,23/07/22
486,eirunepe,-6.6603,-69.8736,93.11,33,4,1.45,BR,23/07/22
487,dul'durga,50.6761,113.5931,50.79,75,0,5.41,RU,23/07/22
488,bairnsdale,-37.8333,147.6167,41.5,89,36,5.17,AU,23/07/22
489,ponta delgada,37.7333,-25.6667,72.32,73,40,3.44,PT,23/07/22
490,angatuba,-23.4897,-48.4128,66.76,59,0,6.17,BR,23/07/22
491,robore,-18.3333,-59.75,88.45,21,0,10.42,BO,23/07/22
492,paciran,-6.8767,112.3761,74.43,82,68,8.01,ID,23/07/22
493,kiunga,-6.1219,141.2906,71.42,99,100,2.86,PG,23/07/22
494,saurimo,-9.6608,20.3916,70.52,29,56,5.55,AO,23/07/22
495,baidoa,3.1138,43.6498,72.05,83,95,14.03,SO,23/07/22
496,la mira,18.035,-102.3266,89.33,51,99,6.51,MX,23/07/22
497,sao jose do belmonte,-7.8614,-38.7597,77.07,51,11,14.76,BR,23/07/22
498,gaiman,-43.2897,-65.4929,48.54,42,26,17.54,AR,23/07/22
499,port sudan,19.6175,37.2164,90.82,45,48,6.82,SD,23/07/22
500,carnarvon,-24.8667,113.6333,58.8,40,0,16.64,AU,23/07/22
501,tonota,-21.4833,27.4833,53.06,84,0,6.17,BW,23/07/22
502,tokuyama,34.05,131.8167,80.22,94,35,4.7,JP,23/07/22
503,navoiy,40.0844,65.3792,83.68,17,0,4.61,UZ,23/07/22
504,aboisso,5.4678,-3.2071,74.66,93,96,4.63,CI,23/07/22
505,northam,51.0333,-4.2167,63.66,98,100,19.95,GB,23/07/22
506,hlusk,52.903,28.6845,54.66,99,69,6.13,BY,23/07/22
507,nikol'sk,53.7189,46.0712,58.37,79,84,4.74,RU,23/07/22
508,sibiti,-3.6819,13.3499,72.34,68,23,4.54,CG,23/07/22
509,sao vicente,-23.9631,-46.3919,76.26,26,0,1.83,BR,23/07/22
510,phillaur,31.0292,75.7842,86.07,71,100,5.19,IN,23/07/22
511,novomikhaylovskiy,44.2581,38.8578,72.1,82,0,3.94,RU,23/07/22
512,upper sandusky,40.8273,-83.2813,81.48,57,33,4.54,US,23/07/22
513,mariental,-24.6333,17.9667,58.33,20,14,3.74,NA,23/07/22
514,xai-xai,-25.0519,33.6442,62.02,77,0,7.07,MZ,23/07/22
515,nagyatad,46.2296,17.3579,62.78,95,93,5.41,HU,23/07/22
516,sokoni,-6.4333,39.55,77.18,81,1,14.85,TZ,23/07/22
517,mossel bay,-34.1831,22.146,53.83,73,1,8.03,ZA,23/07/22
518,fortaleza,-3.7227,-38.5247,82.53,69,75,11.5,BR,23/07/22
519,papao,-17.75,-149.55,80.28,66,59,10.4,PF,23/07/22
520,ifrane,33.3333,-5.25,76.01,31,94,4.83,MA,23/07/22
521,clarksdale,34.2001,-90.5709,84.18,58,11,6.91,US,23/07/22
522,chapada dos guimaraes,-15.4606,-55.7497,82.06,23,0,6.26,BR,23/07/22
523,olympia,47.0379,-122.9007,84.02,54,75,10.36,US,23/07/22
524,tanguieta,10.6212,1.2665,75.79,90,13,3.18,BJ,23/07/22
525,wuhai,39.6647,106.8122,76.78,37,43,10.09,CN,23/07/22
526,malango,-2.9627,119.9001,64.99,97,76,2.17,ID,23/07/22
527,iringa,-7.7667,35.7,61.14,53,0,10.63,TZ,23/07/22
528,road town,18.4167,-64.6167,87.89,66,40,10.36,VG,23/07/22
529,raduzhny,62.0961,77.475,63.01,74,99,6.15,RU,23/07/22
530,hartford city,40.4511,-85.37,84.29,62,65,5.01,US,23/07/22
531,sao raimundo nonato,-9.0153,-42.6994,81.73,31,0,6.24,BR,23/07/22
532,shevchenko,48.5,35.0,72.07,46,89,3.83,UA,23/07/22
533,santarem,-2.4431,-54.7083,86.13,66,0,9.22,BR,23/07/22
534,vanimo,-2.6741,141.3028,77.86,89,80,2.17,PG,23/07/22
535,kathmandu,27.7167,85.3167,71.83,92,75,3.44,NP,23/07/22
536,larreynaga,12.6769,-86.5719,91.8,56,87,2.37,NI,23/07/22
537,zvishavane,-20.3267,30.0665,52.54,90,0,0.92,ZW,23/07/22
538,newman,37.3138,-121.0208,102.54,6,10,1.92,US,23/07/22
539,kiama,-34.6833,150.8667,53.01,85,0,1.01,AU,23/07/22
540,island harbour,50.724,-1.2758,62.15,94,100,13.0,GB,23/07/22
541,bac giang,21.2667,106.2,82.47,91,100,4.29,VN,23/07/22
542,mae hong son,19.3003,97.9685,74.1,99,93,0.94,TH,23/07/22
543,rafsanjan,30.4067,55.9939,87.62,12,87,8.41,IR,23/07/22
544,luumaki,60.9262,27.5814,57.25,70,100,5.48,FI,23/07/22
545,coyhaique,-45.5752,-72.0662,37.35,70,40,2.3,CL,23/07/22
546,jutai,-5.1833,-68.9,91.33,42,11,1.88,BR,23/07/22
547,zaragoza,41.6561,-0.8773,81.05,56,0,13.8,ES,23/07/22
548,irthlingborough,52.3267,-0.6113,61.68,96,100,16.71,GB,23/07/22
549,pemangkat,1.1667,108.9667,77.99,89,15,6.15,ID,23/07/22
550,knyaze-volkonskoye,48.4642,135.4567,68.34,56,100,2.04,RU,23/07/22
551,solleftea,63.1667,17.2667,55.26,97,100,2.73,SE,23/07/22
552,fallon,39.4735,-118.7774,101.44,16,75,5.75,US,23/07/22
553,remire-montjoly,4.9167,-52.2667,82.44,83,75,3.44,GF,23/07/22
554,sychevka,55.8252,34.2736,56.34,69,100,5.7,RU,23/07/22
555,morehead city,34.7229,-76.726,82.45,81,100,3.44,US,23/07/22
556,bati,11.1833,40.0167,71.82,63,99,7.76,ET,23/07/22
557,talara,-4.5772,-81.2719,81.36,65,0,9.22,PE,23/07/22
558,krasnoturansk,54.3186,91.5639,59.49,96,100,1.88,RU,23/07/22
559,torghay,49.6339,63.4981,78.22,42,77,11.14,KZ,23/07/22
560,laascaanood,8.4774,47.3597,78.13,55,94,28.9,SO,23/07/22
561,ibi,38.6253,-0.5723,74.34,90,39,3.47,ES,23/07/22
562,diamantino,-14.4086,-56.4461,86.83,21,0,6.46,BR,23/07/22
563,carolina beach,34.0352,-77.8936,90.09,80,94,5.19,US,23/07/22
564,yoichi,43.2039,140.7703,69.35,86,78,4.68,JP,23/07/22
565,mezhdurechenskiy,59.6,65.9333,61.45,82,98,3.89,RU,23/07/22
566,ust-tsilma,65.441,52.1498,57.2,98,100,4.47,RU,23/07/22
567,howard springs,-12.497,131.047,71.51,53,11,7.61,AU,23/07/22
568,greenland,43.0362,-70.8328,84.94,71,40,9.22,US,23/07/22
569,catio,11.2833,-15.25,79.29,84,64,6.78,GW,23/07/22
570,nizhnevartovsk,60.9344,76.5531,64.42,100,0,2.24,RU,23/07/22
571,larvik,59.0533,10.0352,55.9,92,0,0.0,NO,23/07/22
572,klaksvik,62.2266,-6.589,50.92,88,36,11.07,FO,23/07/22
573,dhromolaxia,34.8755,33.5868,85.24,80,0,3.44,CY,23/07/22
574,teguise,29.0605,-13.564,70.02,73,40,21.85,ES,23/07/22
